id,name,country,email
1,Angeline,Peru,ainchan0@timesonline.co.uk
2,Fowler,China,fallitt1@yelp.com
3,Kennith,China,kkedge2@hp.com
4,Imogene,Slovenia,imaynard3@gnu.org
5,Will,Indonesia,wkrauze4@bluehost.com
6,Cchaddie,Philippines,cpatington5@furl.net
7,Harwilll,China,heverall6@pcworld.com
8,Hayley,Russia,hperrot7@bizjournals.com
9,Kaleb,Ireland,kgaish8@auda.org.au
10,Rheba,China,rschollar9@google.de
11,Geoffry,Indonesia,gchoudhurya@dmoz.org
12,Bev,Peru,bhandfordb@discuz.net
13,Melanie,Sweden,mbarefootc@ca.gov
14,Tabatha,Indonesia,twebbornd@mit.edu
15,Truman,Poland,tballaame@marketwatch.com
16,Mose,Greenland,msteadef@bbb.org
17,Filmer,Macedonia,fbastimang@guardian.co.uk
18,Elroy,Turkmenistan,epietrowskih@forbes.com
19,Storm,China,srameauxi@example.com
20,Bronson,France,bsidej@elpais.com
21,Idell,Thailand,ipratleyk@chicagotribune.com
22,Hanna,Indonesia,hharvattl@facebook.com
23,Adele,Brazil,ahalversenm@wordpress.org
24,Gabriel,Canada,gchancellorn@indiatimes.com
25,Olympe,China,ogelardio@zdnet.com
26,Randy,China,rwhitlamp@nature.com
27,Avigdor,Japan,ayedyq@aol.com
28,Iorgo,Ireland,iglasscoer@japanpost.jp
29,Alister,Russia,adannohls@skype.com
30,Barby,Greece,bstonardt@ftc.gov
31,Diannne,Netherlands,dtailbyu@netscape.com
32,Winni,Indonesia,wgildersleavesv@wired.com
33,Ofella,Indonesia,osimcockw@vinaora.com
34,Kimberly,Madagascar,kskitralx@omniture.com
35,Minny,Cameroon,mhanburybrowny@engadget.com
36,Dennison,Ireland,ddumingoz@hostgator.com
37,Kristine,Tunisia,kstych10@squidoo.com
38,Morna,Indonesia,mkording11@zdnet.com
39,Agnese,Canada,aloins12@mtv.com
40,Belinda,Aland Islands,bwrey13@biblegateway.com
41,Kaycee,United States,kciottoi14@simplemachines.org
42,Lanae,Sudan,lulrik15@dyndns.org
43,Gaye,Portugal,geynaud16@businessinsider.com
44,Blayne,Portugal,blowless17@woothemes.com
45,Deloria,Philippines,dskechley18@cdbaby.com
46,Hale,China,hwhitmore19@zimbio.com
47,Erica,Ecuador,esymes1a@privacy.gov.au
48,Rudie,Poland,rsouthcoat1b@cmu.edu
49,Shaun,China,smanuel1c@pinterest.com
50,Minnnie,China,mkenworthy1d@economist.com
51,Kaia,Sweden,kstag1e@nymag.com
52,Peggie,Zimbabwe,pmogford1f@amazon.co.uk
53,Alexandros,Portugal,anason1g@webeden.co.uk
54,Johannah,Morocco,jarend1h@vkontakte.ru
55,Nelie,Indonesia,nbeaston1i@abc.net.au
56,Gayler,Philippines,gespine1j@china.com.cn
57,Quentin,Nepal,qomahoney1k@vk.com
58,Phyllys,Pakistan,parrigo1l@cmu.edu
59,Shel,Colombia,swaszczykowski1m@jugem.jp
60,Evangelia,Trinidad and Tobago,ecurrer1n@sourceforge.net
61,Ced,Brazil,cpeeke1o@buzzfeed.com
62,Augustine,Russia,amaccaughen1p@latimes.com
63,Maurizio,Slovenia,mgypson1q@gmpg.org
64,Ronda,Finland,rbidewel1r@blogs.com
65,Ermengarde,Guatemala,eoleshunin1s@networkadvertising.org
66,Mallissa,Portugal,mstickells1t@xinhuanet.com
67,Coraline,United States,cdenzey1u@businessweek.com
68,Ethe,Philippines,elibero1v@reddit.com
69,Jenilee,Albania,jsmeaton1w@phpbb.com
70,Walsh,Portugal,wjertz1x@bravesites.com
71,Mick,Ireland,medland1y@wired.com
72,Cristina,Russia,ccholerton1z@studiopress.com
73,Lynsey,Morocco,lhemstead20@whitehouse.gov
74,Jewell,Indonesia,jcrickmore21@adobe.com
75,Belicia,Sweden,bmcgaugey22@wordpress.org
76,Regina,Indonesia,rstallard23@barnesandnoble.com
77,Ingrim,Indonesia,idicarli24@dot.gov
78,Amy,Australia,amoscon25@dailymail.co.uk
79,Gaelan,Indonesia,gjanak26@opensource.org
80,Packston,China,pologhlen27@artisteer.com
81,Sammie,Philippines,slusk28@rambler.ru
82,Tammie,Poland,tfritchley29@comcast.net
83,Jeddy,Poland,jphillippo2a@utexas.edu
84,Clarice,Indonesia,cpund2b@forbes.com
85,Massimo,Yemen,mduferie2c@amazonaws.com
86,Ulick,Poland,uibbott2d@whitehouse.gov
87,Rhianon,China,rlangsdon2e@abc.net.au
88,Crichton,China,csherrock2f@xinhuanet.com
89,Lorens,Bulgaria,lcristofalo2g@dell.com
90,Susanetta,Czech Republic,sgawkes2h@t-online.de
91,Ivory,Cameroon,irapa2i@dedecms.com
92,Caitrin,China,cgregoletti2j@utexas.edu
93,Filmore,Honduras,fdootson2k@a8.net
94,Roger,Tajikistan,rstory2l@gnu.org
95,Panchito,China,pheberden2m@berkeley.edu
96,Erik,Canada,etrinder2n@techcrunch.com
97,Kristine,Indonesia,kgrisewood2o@ycombinator.com
98,Betti,Venezuela,bottam2p@vimeo.com
99,Neel,Poland,nkendal2q@washingtonpost.com
100,Eyde,United States,ehatliff2r@linkedin.com
